INSERT INTO magasin(id, name, city) VALUES (1, 'Carrouf - Tours', 'Tours');
INSERT INTO magasin(id, name, city) VALUES (2, 'Leclerc', 'Tours');
INSERT INTO magasin(id, name, city) VALUES (3, 'Carrouf - Quimper', 'Quimper');
INSERT INTO magasin(id, name, city) VALUES (4, 'Leclerc - Quimper', 'Quimper');
INSERT INTO magasin(id, name, city) VALUES (5, 'Carrouf City - Quimper', 'Quimper');
INSERT INTO magasin(id, name, city) VALUES (6, 'Carrouf City - Tours', 'Tours');

INSERT INTO shelf(id, magasin_id, name) VALUES (1, 1, 'Fruits');
INSERT INTO shelf(id, magasin_id, name) VALUES (2, 1, 'Légumes');
INSERT INTO shelf(id, magasin_id, name) VALUES (3, 2, 'Cuisine');
INSERT INTO shelf(id, magasin_id, name) VALUES (4, 2, 'Salle de bain');
INSERT INTO shelf(id, magasin_id, name) VALUES (5, 3, 'Fruits');
INSERT INTO shelf(id, magasin_id, name) VALUES (6, 3, 'Légumes');
INSERT INTO shelf(id, magasin_id, name) VALUES (7, 4, 'Cuisine');
INSERT INTO shelf(id, magasin_id, name) VALUES (8, 4, 'Salle de bain');
INSERT INTO shelf(id, magasin_id, name) VALUES (9, 5, 'Boucherie');
INSERT INTO shelf(id, magasin_id, name) VALUES (10, 5, 'Poissonerie');
INSERT INTO shelf(id, magasin_id, name) VALUES (11, 6, 'Boucherie');
INSERT INTO shelf(id, magasin_id, name) VALUES (12, 6, 'Poissonerie');

INSERT INTO article(id, shelf_id, name, quantity, reference) VALUES (1, 1, 'Pomme', 100, 'POM');
INSERT INTO article(id, shelf_id, name, quantity, reference) VALUES (2, 1, 'Poire', 50, 'POI');
INSERT INTO article(id, shelf_id, name, quantity, reference) VALUES (3, 2, 'Pomme de terre', 150, 'PDT');
INSERT INTO article(id, shelf_id, name, quantity, reference) VALUES (4, 2, 'Chou', 50, 'CHO');
INSERT INTO article(id, shelf_id, name, quantity, reference) VALUES (5, 3, 'Couteau', 25, 'COU');
INSERT INTO article(id, shelf_id, name, quantity, reference) VALUES (6, 3, 'Casserole', 20, 'CAS');
INSERT INTO article(id, shelf_id, name, quantity, reference) VALUES (7, 4, 'Tapis', 10, 'TAP');
INSERT INTO article(id, shelf_id, name, quantity, reference) VALUES (8, 4, 'Savon', 50, 'POM');
INSERT INTO article(id, shelf_id, name, quantity, reference) VALUES (9, 5, 'Fraise', 50, 'FRA');
INSERT INTO article(id, shelf_id, name, quantity, reference) VALUES (10, 5, 'Ananas', 100, 'ANA');
INSERT INTO article(id, shelf_id, name, quantity, reference) VALUES (11, 1, 'Carotte', 250, 'CAR');
INSERT INTO article(id, shelf_id, name, quantity, reference) VALUES (12, 1, 'Salade', 50, 'SAL');
INSERT INTO article(id, shelf_id, name, quantity, reference) VALUES (13, 1, 'Fourchette', 30, 'FOU');
INSERT INTO article(id, shelf_id, name, quantity, reference) VALUES (14, 1, 'Poëlle', 15, 'POE');
INSERT INTO article(id, shelf_id, name, quantity, reference) VALUES (15, 1, 'Brosse à dent', 50, 'BAD');
INSERT INTO article(id, shelf_id, name, quantity, reference) VALUES (16, 1, 'Bassine', 10, 'BAS');
INSERT INTO article(id, shelf_id, name, quantity, reference) VALUES (17, 1, 'Steak', 10, 'STE');
INSERT INTO article(id, shelf_id, name, quantity, reference) VALUES (18, 1, 'Steak haché', 20, 'STH');
INSERT INTO article(id, shelf_id, name, quantity, reference) VALUES (19, 1, 'Dorade', 20, 'DOR');
INSERT INTO article(id, shelf_id, name, quantity, reference) VALUES (20, 1, 'Saumon', 5, 'SAU');
INSERT INTO article(id, shelf_id, name, quantity, reference) VALUES (21, 1, 'Côte de porc', 15, 'CDP');
INSERT INTO article(id, shelf_id, name, quantity, reference) VALUES (22, 1, 'Filet mignon', 4, 'FIM');
INSERT INTO article(id, shelf_id, name, quantity, reference) VALUES (23, 1, 'Sushi', 30, 'SUS');
INSERT INTO article(id, shelf_id, name, quantity, reference) VALUES (24, 1, 'Sardine', 50, 'SAR');

